category	role	component_type	brand	part_number	name	description	image_url
instruments	ВЭЖХ	autosampler	Waters	176000506	Waters 2777 Sample Mgr, Single Inj.	Автосемплер Waters 2777 с одиночной инжекцией; высокопроизводительная система для Alliance.	/catalog_images/waters_alliance_e2695.jpg
instruments	ВЭЖХ	autosampler	Waters	176000507	Waters 2777 Sample Mgr, 4 Inj.	Автосемплер Waters 2777 с четырьмя инжекционными позициями; повышенная производительность.	/catalog_images/waters_alliance_e2695.jpg
instruments	ВЭЖХ	autosampler	Waters	176000636	2777C Sample Mgr. Single Injector	Автосемплер Waters 2777C с одиночным инжектором; улучшенный перенос и воспроизводимость.	/catalog_images/waters_alliance_e2695.jpg
instruments	ВЭЖХ	system	Waters		ACQUITY UPLC System FlexCart	Тележка FlexCart для ACQUITY UPLC; мобильная установка для гибкого размещения.	/catalog_images/waters_acquity_h_class_plus.jpg
instruments	ВЭЖХ	system	Waters		ACQUITY UPLC M-Class Cart	Тележка для системы M-Class; компактная стойка для нано-УВВЭЖХ.	/catalog_images/waters_acquity_i_class_plus.jpg
spare-parts	ВЭЖХ	module	Waters	176000832	Kit, Alliance Bottle Tray	Поддон для флаконов Alliance; фиксация ёмкостей с подвижными фазами.	/catalog_images/waters_alliance_e2695.jpg
instruments	ВЭЖХ	system	Waters		OA UPLC On-Line SPE Core System	Онлайн-СФЭ система ACQUITY UPLC; автоматическая очистка и разделение пробы в едином рабочем цикле.	/catalog_images/waters_acquity_h_class_plus.jpg
instruments	ВЭЖХ	module	Waters	176000837	ACQUITY UPLC Column Htr/Clr, OA	Термостат/охладитель колонок ACQUITY (открытая архитектура); от 4 до 90 °C.	/catalog_images/waters_acquity_i_class_plus.jpg
instruments	ВЭЖХ	system	Waters		Cart for PATROL UPLC Process Development	Тележка для PATROL UPLC; мобильная платформа мониторинга технологических процессов.	/catalog_images/waters_acquity_h_class_plus.jpg
spare-parts	ВЭЖХ	module	Waters	176000857	Kit, Loop 50ul and Syringe 250ul	Набор петля 50 мкл и шприц 250 мкл; запасные части для ручных инжекторов Waters.	/catalog_images/waters_acquity_h_class_plus.jpg
instruments	ВЭЖХ	system	Waters		Waters TQ Detector	Одноквадрупольный масс-детектор TQ для ACQUITY UPLC; компактный МС-детектор для количественного анализа.	/catalog_images/waters_xevo_tq_absolute_xr.jpg
spare-parts	ВЭЖХ	module	Waters	176001285	Kit, ACQUITY UPLC Col. Mgr.-Right Inlet	Набор замены CM с правым вводом; запасные части для сервисного обслуживания.	/catalog_images/waters_acquity_h_class_plus.jpg
spare-parts	ВЭЖХ	module	Waters	176001286	Kit, ACQUITY UPLC Col. Mgr.-Left Inlet	Набор замены CM с левым вводом; расходные материалы для планового ТО.	/catalog_images/waters_acquity_h_class_plus.jpg
spare-parts	ВЭЖХ	module	Waters	176001287	Kit, ACQUITY UPLC Column Htr./Cooler	Набор ТО термостата ACQUITY; уплотнения и расходные материалы.	/catalog_images/waters_acquity_i_class_plus.jpg
instruments	ВЭЖХ	autosampler	Waters	176001518	2777 HP Sample Manager w/EverFlow Vlv.	Автосемплер Waters 2777 HP с клапаном EverFlow; минимальный застой для высокопроизводительного анализа.	/catalog_images/waters_alliance_e2695.jpg
instruments	ВЭЖХ	autosampler	Waters	176001563	2707 AUTOSAMPLER	Автосемплер Waters 2707; широкий диапазон объёмов для систем Alliance и препаративных задач.	/catalog_images/waters_alliance_e2695.jpg
instruments	ВЭЖХ	autosampler	Waters	176001564	2707 AUTOSAMPLER WITH COOLER	Автосемплер Waters 2707 с охладителем; термостатирование от 4 до 40 °C для нестабильных матриц.	/catalog_images/waters_alliance_e2695.jpg
spare-parts	ВЭЖХ/МС	module	Waters	176001646	Nano-flow ESI	Источник нанопоточной ESI; для нано-УВВЭЖХ/МС протеомики при 100–400 нл/мин.	/catalog_images/waters_acquity_h_class_plus.jpg
spare-parts	ВЭЖХ/МС	module	Waters	176001653	Spare ESI Probe	Запасной ESI-зонд; стандартная замена атмосферного источника масс-спектрометров Waters.	/catalog_images/waters_acquity_h_class_plus.jpg
instruments	ВЭЖХ	system	Waters		2545Q w/Flex Injector & WFC III	Препаративная система 2545Q с гибким инжектором и WFC III; выделение чистых соединений.	/catalog_images/waters_alliance_e2695.jpg
instruments	ВЭЖХ	pump-module	Waters	176001736	2545 Quaternary Gradient Module	Четырёхкомпонентный насос Waters 2545; базовый модуль для препаративных систем.	/catalog_images/waters_alliance_e2695.jpg
instruments	ВЭЖХ	pump-module	Waters	176001739	2535 Quaternary Gradient Module	Четырёхкомпонентный насос Waters 2535; для полупрепаративных объёмов.	/catalog_images/waters_alliance_e2695.jpg
instruments	ВЭЖХ	pump-module	Waters	176001741	2555 Quaternary Gradient Module	Четырёхкомпонентный насос Waters 2555; расширенный диапазон для СФХ/УВВЭЖХ препаративных задач.	/catalog_images/waters_alliance_e2695.jpg
spare-parts	ВЭЖХ/МС	module	Waters	176001751	LockSpray source with ESI probe	Источник LockSpray с ESI; корректирует дрейф масс внутренним стандартом в реальном времени.	/catalog_images/waters_acquity_h_class_plus.jpg
spare-parts	ВЭЖХ/МС	module	Waters	176001752	nanoLockSpray source w/universal sprayer	Нано-LockSpray с универсальным спреером; коррекция масс при нано-ESI.	/catalog_images/waters_acquity_h_class_plus.jpg
spare-parts	ВЭЖХ/МС	module	Waters	176001789	ASAP Option	Опция ASAP; прямой анализ твёрдых веществ без пробоподготовки.	/catalog_images/waters_acquity_h_class_plus.jpg
spare-parts	ВЭЖХ	module	Waters	176001792	Kit, 100µL Sample Loop and 250µL Syringe	Набор петля 100 мкл и шприц 250 мкл; расходные материалы для инжекторов Waters.	/catalog_images/waters_acquity_h_class_plus.jpg
spare-parts	ВЭЖХ/МС	module	Waters	176001858	Xevo ASAP Option	Опция ASAP для Xevo; ионизация при атмосферном давлении от твёрдой поверхности.	/catalog_images/waters_acquity_h_class_plus.jpg
instruments	ВЭЖХ/МС	system	Waters		ASAP for SYNAPT G2	Опция ASAP для SYNAPT G2; прямое зондирование твёрдых образцов при высоком разрешении Q-TOF.	/catalog_images/waters_xevo_tq_absolute_xr.jpg
instruments	ВЭЖХ/МС	system	Waters		Waters Xevo TQ-S	Тройной квадруполь Xevo TQ-S; технология StepWave обеспечивает наивысшую чувствительность при МРМ.	/catalog_images/waters_xevo_tq_absolute_xr.jpg
instruments	ВЭЖХ/МС	system	Waters		Waters Xevo TQ-S, IVD	Тройной квадрупольный МС Xevo; высокочувствительное МРМ-детектирование.	/catalog_images/waters_xevo_tq_absolute_xr.jpg
instruments	ВЭЖХ	detector	Waters	176002424	Waters 2424 ELS Detector	ELSD Waters 2424; универсальное детектирование жиров, сахаров и полимеров.	/catalog_images/waters_2475_flr_detector.jpg
instruments	ВЭЖХ/МС	system	Waters		Xevo TQD	Тройной квадрупольный масс-спектрометр Xevo TQD; высокопроизводительная МС/МС для целевого анализа.	/catalog_images/waters_xevo_tq_absolute_xr.jpg
instruments	ВЭЖХ/МС	system	Waters		Xevo TQD, IVD	Тройной квадрупольный МС Xevo; высокочувствительное МРМ-детектирование.	/catalog_images/waters_xevo_tq_absolute_xr.jpg
instruments	ВЭЖХ	detector	Waters	176002489	2489 UV/VISIBLE DETECTOR	ТУФ-детектор Waters 2489; двухволновое детектирование для систем Alliance и 2695.	/catalog_images/waters_2998_pda_detector.jpg
spare-parts	ВЭЖХ	module	Waters	176002491	ACQ UPLC System - 2D Technology Upgrade	Набор модернизации ACQUITY UPLC в двухмерный режим; включает дополнительный клапан и ПО.	/catalog_images/waters_acquity_h_class_plus.jpg
spare-parts	ВЭЖХ/МС	module	Waters	176002506	Synapt G2-S ETD Option	Опция ETD для SYNAPT G2-S; фрагментация фосфопептидов и PTM-содержащих белков.	/catalog_images/waters_xevo_tq_absolute_xr.jpg
spare-parts	ВЭЖХ	module	Waters	176002507	NanoFlow Capability Kit	Набор нанопоточных возможностей; переоснащение МС для нанолитровых скоростей потока.	/catalog_images/waters_acquity_h_class_plus.jpg
spare-parts	ВЭЖХ	module	Waters	176002670	SQD 2	Одноквадрупольный детектор SQD 2; экономичная масс-идентификация в составе ACQUITY UPLC.	/catalog_images/waters_xevo_tq_absolute_xr.jpg
spare-parts	ВЭЖХ/МС	module	Waters	176002755	SYNAPT G2-S Roughing pump option	Дополнительный форвакуумный насос для SYNAPT G2-S; улучшенная откачка агрессивных матриц.	/catalog_images/waters_xevo_tq_absolute_xr.jpg
instruments	ВЭЖХ	system	Waters		MV-10 ASFE System (110V)	Полная СФЭ-система MV-10 (110 В); автоматическая экстракция с онлайн-подключением.	/catalog_images/waters_acquity_h_class_plus.jpg
instruments	ВЭЖХ	system	Waters		MV-10 ASFE System (220V)	Полная СФЭ-система MV-10 (220 В); параллельная экстракция до 24 сосудов при 400 бар.	/catalog_images/waters_acquity_h_class_plus.jpg
spare-parts	ВЭЖХ	module	Waters	176002846	Vacuum Pump	Вакуумный насос для масс-спектрометров Waters; форвакуум систем Xevo и SYNAPT.	/catalog_images/waters_acquity_h_class_plus.jpg
instruments	ВЭЖХ	system	Waters		Chiller, 300W, 85-265VAC, 50/60hz	Чиллер 300 Вт; термостатирование ионного источника МС для стабильного вакуума.	/catalog_images/waters_acquity_h_class_plus.jpg
instruments	ВЭЖХ	module	Waters	176002928	Fraction Collector - 12 vessel 110V	Коллектор фракций на 12 флаконов (110 В); сбор препаративных фракций по UV или времени.	/catalog_images/waters_acquity_h_class_plus.jpg
instruments	ВЭЖХ	system	Waters		Investigator System (110V)	Аналитическая СФХ-система Investigator (110 В); компактная конфигурация для хирального скрининга.	/catalog_images/waters_acquity_h_class_plus.jpg
instruments	ВЭЖХ	system	Waters		Investigator System (220V)	Аналитическая СФХ-система Investigator (220 В); компактная конфигурация для хирального скрининга.	/catalog_images/waters_acquity_h_class_plus.jpg
instruments	ВЭЖХ	detector	Waters	176002944	2489 UV/Visible Detector Assy for SFC	Детектор Waters 2489 для СФХ; проточная ячейка с высоким давлением для сверхкритических условий.	/catalog_images/waters_acquity_h_class_plus.jpg
instruments	ВЭЖХ	detector	Waters	176002945	2998 Photodiode Array Detector for SFC	ДАД Waters 2998 для СФХ; давление-устойчивая ячейка для СФХ-условий.	/catalog_images/waters_acquity_h_class_plus.jpg
instruments	ВЭЖХ	module	Waters	176002952	Fraction Collector - 12 vessel 220V	Коллектор фракций на 12 флаконов (220 В); для международных электросетей.	/catalog_images/waters_acquity_h_class_plus.jpg
instruments	ВЭЖХ	system	Waters		System, SFC100 110V Core	Аналитическая СФХ-система SFC100 (110 В); разделение хиральных соединений в потоке CO₂.	/catalog_images/waters_acquity_h_class_plus.jpg
instruments	ВЭЖХ	system	Waters		System, SFC100 220V Core	Аналитическая СФХ-система SFC100 (220 В); сверхкритическое разделение на базе CO₂.	/catalog_images/waters_acquity_h_class_plus.jpg
instruments	ВЭЖХ	system	Waters		System, SFC200Q 110V Core	Полупрепаративная СФХ-система SFC200Q (110 В); масштабирование хиральных разделений.	/catalog_images/waters_acquity_h_class_plus.jpg
instruments	ВЭЖХ	system	Waters		System, SFC200Q 220V Core	Полупрепаративная СФХ-система SFC200Q (220 В); четырёхкомпонентный CO₂/модификатор градиент.	/catalog_images/waters_acquity_h_class_plus.jpg
instruments	ВЭЖХ	system	Waters		System, SFC350 110V Core	Препаративная СФХ-система SFC350 (110 В); высокий поток CO₂ для крупного хирального разделения.	/catalog_images/waters_acquity_h_class_plus.jpg
instruments	ВЭЖХ	system	Waters		System, SFC350 220V Core	Препаративная СФХ-система SFC350 (220 В); масштабное выделение энантиомеров.	/catalog_images/waters_acquity_h_class_plus.jpg
instruments	ВЭЖХ	module	Waters	176002969	Low Pressure Fraction Collector, 6 Fract	Низконапорный коллектор 6 фракций; для систем СФХ и LC при атмосферном давлении.	/catalog_images/waters_acquity_h_class_plus.jpg
instruments	ВЭЖХ	detector	Waters	176002970	2489 UV/Visible Detector for Prep SFC	Компонент СФХ-системы Waters; разделение в среде сжатого CO₂.	/catalog_images/waters_acquity_h_class_plus.jpg
instruments	ВЭЖХ	detector	Waters	176002998	2998 Photodiode Array Detector	ДАД Waters 2998; спектральное детектирование от 190 до 800 нм для систем Alliance.	/catalog_images/waters_2998_pda_detector.jpg
instruments	ВЭЖХ	system	Waters		System, SFC15 110V Core	Аналитическая микро-СФХ-система SFC15 (110 В); скрининговые хиральные приложения.	/catalog_images/waters_acquity_h_class_plus.jpg
instruments	ВЭЖХ	system	Waters		Prep 200BTq SFC System 110V	Препаративная СФХ-система 200BTq (110 В); масс-ориентированный сбор хиральных фракций.	/catalog_images/waters_acquity_h_class_plus.jpg
instruments	ВЭЖХ	system	Waters		Prep 150Q LC System w/TUV	Препаративная ЖХ-система 150Q с ТУФ; четырёхкомпонентный градиент до 150 мл/мин.	/catalog_images/waters_acquity_h_class_plus.jpg
instruments	ВЭЖХ	system	Waters		Prep 150B LC System w/TUV	Препаративная ЖХ-система 150B с ТУФ; бинарный градиент до 150 мл/мин.	/catalog_images/waters_acquity_h_class_plus.jpg
instruments	ВЭЖХ	detector	Waters	176003053	Prep 150Q LC System w/PDA	Препаративная система 150Q с ДАД; спектральная идентификация фракций в реальном времени.	/catalog_images/waters_acquity_h_class_plus.jpg
instruments	ВЭЖХ	detector	Waters	176003054	Prep 150B LC System w/PDA	Препаративная система 150B с ДАД; мониторинг спектров при бинарном градиенте.	/catalog_images/waters_acquity_h_class_plus.jpg
instruments	ВЭЖХ	system	Waters		Prep 150Q LC Automated System w/TUV	Автоматизированная препаративная система 150Q с ТУФ; полный цикл выделения без оператора.	/catalog_images/waters_acquity_h_class_plus.jpg
instruments	ВЭЖХ	system	Waters		Prep 150B LC Automated System w/TUV	Автоматизированная система 150B с ТУФ; автоматический сбор фракций по UV-триггеру.	/catalog_images/waters_acquity_h_class_plus.jpg
instruments	ВЭЖХ	detector	Waters	176003057	Prep 150Q LC Automated System w/PDA	Автоматизированная система 150Q с ДАД; спектральный триггер для точного сбора фракций.	/catalog_images/waters_acquity_h_class_plus.jpg
instruments	ВЭЖХ	detector	Waters	176003058	Prep 150B LC Automated System w/PDA	Автоматизированная система 150B с ДАД; надёжное масштабирование аналитических методов.	/catalog_images/waters_acquity_h_class_plus.jpg
spare-parts	ВЭЖХ	module	Waters	176003059	Prep Degasser Option	Дополнительный дегазатор для препаративных систем Waters; дегазация высоковязких буферных фаз.	/catalog_images/waters_alliance_e2695.jpg
instruments	ВЭЖХ	system	Waters		Alliance (A) Series Bottle Tray	Поддон для флаконов серии Alliance A; крепление ёмкостей с растворителями.	/catalog_images/waters_alliance_e2695.jpg
instruments	ВЭЖХ	system	Waters		Alliance (B) Series Bottle Tray	Поддон для флаконов серии Alliance B; конфигурация для второй платформы Alliance.	/catalog_images/waters_alliance_e2695.jpg
spare-parts	ВЭЖХ	module	Waters	176003105	Alliance (C) Series Bottle Bucket Option	Опция контейнера флаконов Alliance C; хранение крупных ёмкостей.	/catalog_images/waters_alliance_e2695.jpg
spare-parts	ВЭЖХ	module	Waters	176003118	Kit, Prep 80Q SFC Upgrade, 220V	Набор модернизации СФХ80Q до 220 В; обновление электрики для международных сетей.	/catalog_images/waters_acquity_h_class_plus.jpg
instruments	ВЭЖХ	system	Waters		AutoPurification Core System w/SFO	Система AutoPurification с SFO; автоматическая масс-ориентированная препаративная хроматография.	/catalog_images/waters_acquity_h_class_plus.jpg
instruments	ВЭЖХ	system	Waters		AutoPurification Core System w/o SFO	Система AutoPurification; автоматическая препаративная очистка с UV-триггерным сбором фракций.	/catalog_images/waters_acquity_h_class_plus.jpg
instruments	ВЭЖХ	system	Waters		2535Q w/Flex Injector & WFC III	Препаративная система 2535Q с FlexInject и WFC III; автоматический сбор фракций.	/catalog_images/waters_alliance_e2695.jpg
instruments	ВЭЖХ	system	Waters		2535Q w/Prep Injector & WFCIII	Система 2535Q с препаративным инжектором и WFC III; высокий объём инжекции.	/catalog_images/waters_alliance_e2695.jpg
instruments	ВЭЖХ	system	Waters		2545Q w/Prep Injector & WFC III	Система 2545Q с препаративным инжектором и WFC III; четырёхкомпонентный препаративный насос.	/catalog_images/waters_alliance_e2695.jpg
instruments	ВЭЖХ/МС	system	Waters		SYNAPT G2-Si MS 4K	Высокоразрешающий МС SYNAPT G2-Si (4K) с ион-мобильностью; Q-TOF для протеомики и метаболомики.	/catalog_images/waters_xevo_tq_absolute_xr.jpg
instruments	ВЭЖХ/МС	system	Waters		SYNAPT G2-Si MS 8K	SYNAPT G2-Si (8K); повышенное разрешение ИМС для разделения конформационных изомеров.	/catalog_images/waters_xevo_tq_absolute_xr.jpg
instruments	ВЭЖХ/МС	system	Waters		SYNAPT G2-Si MS 32K	SYNAPT G2-Si (32K); максимальное разрешение для гликанов и структурной протеомики.	/catalog_images/waters_xevo_tq_absolute_xr.jpg
instruments	ВЭЖХ/МС	system	Waters		SYNAPT G2-Si HDMS 4K	SYNAPT G2-Si HDMS (4K); разделение изомеров при интеграции с нано-ЖХ/МС.	/catalog_images/waters_xevo_tq_absolute_xr.jpg
instruments	ВЭЖХ/МС	system	Waters		SYNAPT G2-Si HDMS 8K	SYNAPT G2-Si HDMS (8K); расширенное ион-мобильное разрешение для биологических матриц.	/catalog_images/waters_xevo_tq_absolute_xr.jpg
instruments	ВЭЖХ/МС	system	Waters		SYNAPT G2-Si HDMS 32K	SYNAPT G2-Si HDMS (32K); для нативной МС и характеристики mAb.	/catalog_images/waters_xevo_tq_absolute_xr.jpg
spare-parts	ВЭЖХ/МС	module	Waters	176003193	SYNAPT G2-Si 2,5kHz MALDI Option	Опция MALDI 2,5 кГц для SYNAPT G2-Si; высокочастотный лазер для ИМС-МС анализа.	/catalog_images/waters_xevo_tq_absolute_xr.jpg
spare-parts	ВЭЖХ	module	Waters	176003204	At-Column Dilution Kit	Набор разбавления у колонки; автоматическое разведение элюата для концентрированных образцов.	/catalog_images/waters_acquity_h_class_plus.jpg
instruments	ВЭЖХ/МС	detector	Waters	176003207	ACQUITY QDa Detector (Standard)	Одноквадрупольный детектор ACQUITY QDa Standard; встраивается в стек ВЭЖХ для масс-фильтрации аналитов.	/catalog_images/waters_xevo_tq_absolute_xr.jpg
instruments	ВЭЖХ/МС	detector	Waters	176003208	ACQUITY QDa Detector (Performance)	Детектор ACQUITY QDa Performance с расширенным диапазоном масс; идентификация примесей.	/catalog_images/waters_xevo_tq_absolute_xr.jpg
instruments	ВЭЖХ	module	Waters	176003209	Waters Fraction Collector lll w/Empower	Коллектор фракций Waters III с Empower; интегрированное управление из CDS.	/catalog_images/waters_acquity_h_class_plus.jpg
spare-parts	ВЭЖХ	module	Waters	176003244	ISM & ACQUITY Splitter Kit	Разделитель ISM и ACQUITY; распределение потока ЖХ-элюата между МС и другими детекторами.	/catalog_images/waters_acquity_h_class_plus.jpg
spare-parts	ВЭЖХ	module	Waters	176003245	ISM & UPC2 Splitter Kit	Разделитель ISM и UPC2; параллельное детектирование в СФХ-системе.	/catalog_images/waters_acquity_h_class_plus.jpg
spare-parts	ВЭЖХ	module	Waters	176003246	ISM & Alliance Splitter Kit	Разделитель ISM и Alliance; подключение МС-детектора параллельно с UV.	/catalog_images/waters_alliance_e2695.jpg
spare-parts	ВЭЖХ	module	Waters	176003247	Post Column Addition Kit	Набор пост-колоночного добавления реагента; автоматизирует дериватизацию в ВЭЖХ-системе.	/catalog_images/waters_acquity_h_class_plus.jpg
spare-parts	ВЭЖХ	module	Waters	176003248	ISM & UPC2 Triple Splitter Kit	Тройной разделитель для ISM и UPC2; до трёх параллельных детекторов.	/catalog_images/waters_acquity_h_class_plus.jpg
spare-parts	ВЭЖХ/МС	module	Waters	176003264	ACQUITY UPLC with QDa, Kit #1	Набор интеграции QDa с ACQUITY UPLC (Kit 1); сплиттер и трубки для подключения МС-детектора.	/catalog_images/waters_acquity_h_class_plus.jpg
instruments	ВЭЖХ	autosampler	Waters	176003332	ACQUITY UPLC Process Sample Manager	Менеджер образцов ACQUITY UPLC для системы PATROL; надёжный автоматический отбор проб из технологического потока.	/catalog_images/waters_acquity_i_class_plus.jpg
instruments	ВЭЖХ	pump-module	Waters	176003333	ACQ UPLC Binary Solvent Mgr for PATROL	Бинарный менеджер растворителей ACQUITY для PATROL; оптимизирован для промышленного технологического контроля.	/catalog_images/waters_acquity_h_class_plus.jpg
instruments	ВЭЖХ	pump-module	Waters	176003334	ACQUITY UPLC QSM for PATROL	Квартернарный менеджер растворителей для PATROL; четырёхкомпонентный градиент в условиях технологического производства.	/catalog_images/waters_acquity_h_class_plus.jpg
instruments	ВЭЖХ	pump-module	Waters	176003335	ACQUITY UPLC BioQSM for PATROL	Биосовместимый QSM для PATROL; инертный тракт PEEK предотвращает металлическое загрязнение при биотех-применениях.	/catalog_images/waters_acquity_h_class_plus.jpg
instruments	ВЭЖХ	system	Waters		Prep 150B LC System w/TUV and FlexInject	Препаративная система 150B с ТУФ и FlexInject; широкий диапазон объёмов инжекции.	/catalog_images/waters_acquity_h_class_plus.jpg
instruments	ВЭЖХ/МС	system	Waters		ionKey Source for Xevo TQ-S micro	Источник ionKey для Xevo TQ-S micro; микропоточная ESI-ионизация при нанолитровых скоростях.	/catalog_images/waters_xevo_tq_absolute_xr.jpg
spare-parts	ВЭЖХ	module	Waters	176003356	Kit, PATROL UPLC Process Development	Комплект разработки методов PATROL UPLC; расходные материалы для технологических приложений.	/catalog_images/waters_acquity_h_class_plus.jpg
spare-parts	ВЭЖХ	module	Waters	176003358	Kit, Certified Container 8 - 1000 mL	Набор 8 сертифицированных контейнеров 1000 мл; стандартные ёмкости для подвижных фаз PATROL UPLC.	/catalog_images/waters_acquity_h_class_plus.jpg
spare-parts	ВЭЖХ/МС	module	Waters	176003368	ACQUITY H-Class with QDa, Kit #2	Набор интеграции QDa с ACQUITY H-Class (Kit 2); компоненты подключения одноквадрупольного МС.	/catalog_images/waters_acquity_h_class_plus.jpg
spare-parts	ВЭЖХ/МС	module	Waters	176003403	ionKey Source w/Infill Assy - Xevo TQ-S	Источник ionKey с заправочным узлом для Xevo TQ-S; минимальный мёртвый объём.	/catalog_images/waters_xevo_tq_absolute_xr.jpg
instruments	ВЭЖХ	module	Waters	176003428	Waters Fraction Manager Analytical	Аналитический менеджер фракций Waters; сбор целевых пиков по UV/МС-триггеру.	/catalog_images/waters_acquity_h_class_plus.jpg
instruments	ВЭЖХ/МС	system	Waters		Xevo TQ-S micro	Компактный тройной квадруполь Xevo TQ-S micro; малый форм-фактор при высокой чувствительности.	/catalog_images/waters_xevo_tq_absolute_xr.jpg
instruments	ВЭЖХ/МС	system	Waters		Xevo G2-XS Tof 4k	Высокоразрешающий Q-TOF Xevo G2-XS TOF (4k); точность масс <2 м.д. для нецелевого скрининга.	/catalog_images/waters_xevo_tq_absolute_xr.jpg
instruments	ВЭЖХ/МС	system	Waters		Xevo G2-XS QTof 4k	Квадрупольный TOF Xevo G2-XS (4k); точность масс и МС/МС-фрагментация для структурного анализа.	/catalog_images/waters_xevo_tq_absolute_xr.jpg
instruments	ВЭЖХ/МС	system	Waters		Xevo G2-XS Tof 32k	Xevo G2-XS TOF (32k); высокое разрешение для разделения близких изобарных ионов.	/catalog_images/waters_xevo_tq_absolute_xr.jpg
instruments	ВЭЖХ/МС	system	Waters		Xevo G2-XS QTof 32k	Xevo G2-XS QTof (32k); ультравысокое разрешение для нативной МС биотерапевтических препаратов.	/catalog_images/waters_xevo_tq_absolute_xr.jpg
spare-parts	ВЭЖХ/МС	module	Waters	176003487	ionKey Source Kit for Xevo Tof	Комплект ionKey для Xevo TOF; переоснащение для нано-ESI в режиме TOF-МС.	/catalog_images/waters_acquity_h_class_plus.jpg
spare-parts	ВЭЖХ/МС	module	Waters	176003488	ionKey Source Kit for Synapt	Комплект ionKey для SYNAPT G2; микропоточный ЖХ/МС при нанолитровых условиях.	/catalog_images/waters_xevo_tq_absolute_xr.jpg
spare-parts	ВЭЖХ/МС	module	Waters	176003560	ISM and WFMA - QDa Splitter Kit	Разделитель ISM, WFMA и QDa; одновременный сбор фракций и МС-детектирование.	/catalog_images/waters_acquity_h_class_plus.jpg
instruments	ВЭЖХ	system	Waters		Prep 150Q LC System w/TUV and FlexInject	Препаративная система 150Q с ТУФ и FlexInject; гибкая инжекция для сложных разделений.	/catalog_images/waters_acquity_h_class_plus.jpg
instruments	ВЭЖХ	detector	Waters	176003574	Prep 150Q LC System w/PDA and FlexInject	Препаративная система 150Q с ДАД и FlexInject; спектральная идентификация при гибкой инжекции.	/catalog_images/waters_acquity_h_class_plus.jpg
instruments	ВЭЖХ/МС	system	Waters		VION IMS Qtof	Компактный ион-мобильный Q-TOF VION; сочетает точное определение масс и ИМС для скрининга.	/catalog_images/waters_xevo_tq_absolute_xr.jpg
spare-parts	ВЭЖХ/МС	module	Waters	176003719	VION Pumping Option	Дополнительный вакуумный насос для VION; стабилизация вакуума при высоконапряжённых матрицах.	/catalog_images/waters_xevo_tq_absolute_xr.jpg
spare-parts	ВЭЖХ/МС	module	Waters	176003720	VION APGC Option	Опция APGC для VION; расширение газохроматографической ионизацией при атмосферном давлении.	/catalog_images/waters_xevo_tq_absolute_xr.jpg
instruments	ВЭЖХ/МС	system	Waters		Waters Xevo TQ-XS	Тройной квадрупольный МС Xevo TQ-XS со StepWave XS; расширенный динамический диапазон при МРМ.	/catalog_images/waters_xevo_tq_absolute_xr.jpg
spare-parts	ВЭЖХ	module	Waters	176003947	API UniSpray Source	Источник API UniSpray; вспомогательный спрей для улучшения ионизации в режиме ESI.	/catalog_images/waters_acquity_h_class_plus.jpg
instruments	ВЭЖХ	autosampler	Waters	176004214IVD	Waters 3777C Sample Manager, IVD	Автосемплер Waters 3777C в конфигурации IVD; сертифицирован для клинических диагностических лабораторий.	/catalog_images/waters_acquity_i_class_plus.jpg
instruments	ГХ/МС	system	Waters		XevoTQ-GC System	Система ГХ-МС/МС XevoTQ-GC; тройной квадруполь для анализа летучих органических соединений.	/catalog_images/waters_xevo_tq_absolute_xr.jpg
instruments	ВЭЖХ/МС	system	Waters		BioAccord System for Proteins & Peptides	Система BioAccord для белков и пептидов; быстрое подтверждение масс биопрепаратов.	/catalog_images/waters_xevo_tq_absolute_xr.jpg
instruments	ВЭЖХ/МС	system	Waters		BioAccord System for Glycans	Система BioAccord для гликанов; автоматизированный гликопрофиль mAb.	/catalog_images/waters_xevo_tq_absolute_xr.jpg
instruments	ВЭЖХ/МС	system	Waters		XEVO TQ-S cronos	Тройной квадруполь Xevo TQ-S cronos; высокопроизводительный анализ пестицидов и PFAS.	/catalog_images/waters_xevo_tq_absolute_xr.jpg
instruments	ВЭЖХ/МС	detector	Waters	176004474	Acquity RDa Detector	Компактный одноквадрупольный детектор ACQUITY RDa; рутинный МС для контроля качества в ВЭЖХ.	/catalog_images/waters_xevo_tq_absolute_xr.jpg
instruments	ВЭЖХ/МС	system	Waters		SYNAPT XS HDMS 4k	SYNAPT XS HDMS (4k) нового поколения; улучшенная ИМС-технология StepWave XS.	/catalog_images/waters_xevo_tq_absolute_xr.jpg
instruments	ВЭЖХ/МС	system	Waters		SYNAPT XS HDMS 8k	SYNAPT XS HDMS (8k); продвинутая характеристика биополимеров с высоким Q-TOF разрешением.	/catalog_images/waters_xevo_tq_absolute_xr.jpg
instruments	ВЭЖХ/МС	system	Waters		SELECT SERIES Cyclic IMS 8K	SELECT SERIES Cyclic IMS (8K); циклическая ИМС для разделения структурных изомеров.	/catalog_images/waters_xevo_tq_absolute_xr.jpg
instruments	ВЭЖХ/МС	system	Waters		SELECT SERIES Cyclic IMS 8K w/ECD	SELECT SERIES Cyclic IMS (8K) с ECD; расширенная фрагментация для нативной протеомики.	/catalog_images/waters_xevo_tq_absolute_xr.jpg
instruments	ГХ/МС	system	Waters		XevoTQ-GC System 8890	Система ГХ-МС/МС XevoTQ-GC с GC Agilent 8890; оптимизирована для пестицидного анализа.	/catalog_images/waters_xevo_tq_absolute_xr.jpg
instruments	ВЭЖХ/МС	system	Waters		RADIAN ASAP Standard	RADIAN ASAP Standard; прямой анализ твёрдых образцов без хроматографии за секунды.	/catalog_images/waters_xevo_tq_absolute_xr.jpg
instruments	ВЭЖХ/МС	system	Waters		RADIAN ASAP Performance	RADIAN ASAP Performance; расширенная чувствительность при прямом МС-скрининге.	/catalog_images/waters_xevo_tq_absolute_xr.jpg
instruments	ВЭЖХ/МС	system	Waters		SELECT SERIES MRT SYSTEM	SELECT SERIES MRT; ультравысокое разрешение ~500 000 FWHM без хроматографии.	/catalog_images/waters_xevo_tq_absolute_xr.jpg
instruments	ВЭЖХ/МС	system	Waters		Xevo TQ Absolute on waters_connect	Тройной квадруполь Xevo TQ Absolute на waters_connect; облачный рабочий процесс.	/catalog_images/waters_xevo_tq_absolute_xr.jpg
instruments	ВЭЖХ/МС	system	Waters		Xevo TQ Absolute on MassLynx	Тройной квадруполь Xevo TQ Absolute под MassLynx; превосходная чувствительность в отрицательном режиме.	/catalog_images/waters_xevo_tq_absolute_xr.jpg
instruments	ВЭЖХ/МС	system	Waters		Xevo G3 QTof on MassLynx	Флагманский Q-TOF Xevo G3 под MassLynx; следующее поколение точного определения масс.	/catalog_images/waters_xevo_tq_absolute_xr.jpg
instruments	ВЭЖХ/МС	system	Waters		Xevo G3 QTof on waters_connect	Xevo G3 QTof на waters_connect; облачная аналитика для лабораторий.	/catalog_images/waters_xevo_tq_absolute_xr.jpg
instruments	ВЭЖХ	system	Waters		ACQUITY UPLC Core System	Базовая УВВЭЖХ-система ACQUITY UPLC; работает при давлении до 15 000 фунт/кв.дюйм и обеспечивает субминутные циклы анализа с высоким разрешением.	/catalog_images/waters_acquity_h_class_plus.jpg
instruments	ВЭЖХ	system	Waters		ACQUITY UPLC Core System, IVD	Компонент системы ACQUITY для IVD; сертифицирован для клинических применений.	/catalog_images/waters_acquity_h_class_plus.jpg
instruments	ВЭЖХ	module	Waters	176015001	ACQUITY UPLC Col. Mgr. Sys. -Right Inlet	Менеджер колонок ACQUITY с правым вводом; автопереключение четырёх колонок.	/catalog_images/waters_acquity_h_class_plus.jpg
instruments	ВЭЖХ	module	Waters	176015002	ACQUITY UPLC COLUMN HTR/CLR.SYS	Термостат/охладитель колонок ACQUITY; от 4 до 90 °C с предварительным нагревом фазы.	/catalog_images/waters_acquity_i_class_plus.jpg
instruments	ВЭЖХ	module	Waters	176015003	ACQUITY UPLC Col. Mgr. Sys.-Left Inlet	Менеджер колонок ACQUITY с левым вводом; поддержка до четырёх колонок.	/catalog_images/waters_acquity_h_class_plus.jpg
instruments	ВЭЖХ	system	Waters		UPLC Open Architecture System w/Col.Mgr	УВВЭЖХ-система открытой архитектуры с менеджером колонок; совместима со сторонними LC-модулями.	/catalog_images/waters_acquity_h_class_plus.jpg
instruments	ВЭЖХ	system	Waters		UPLC Open Architecture System w/CHC	УВВЭЖХ-система открытой архитектуры с термостатом CHC; гибкая интеграция с аналитическим оборудованием.	/catalog_images/waters_acquity_h_class_plus.jpg
instruments	ВЭЖХ	system	Waters		ACQUITY UPLC H-Class Bio Systems (CM-A)	УВВЭЖХ-система ACQUITY H-Class Bio с биосовместимым трактом PEEK и CM-A; для анализа белков и пептидов.	/catalog_images/waters_acquity_h_class_plus.jpg
instruments	ВЭЖХ	system	Waters		ACQUITY UPLC w/2D Technology Core System	Двухмерная УВВЭЖХ-система ACQUITY; автоматическое переключение фракций между первой и второй колонкой.	/catalog_images/waters_acquity_h_class_plus.jpg
instruments	ВЭЖХ	detector	Waters	176015026	ACQUITY UPLC PDA Detector	ДАД ACQUITY UPLC; регистрирует полный УФ-Вид спектр (190–500 нм) при каждой хроматографической точке.	/catalog_images/waters_2998_pda_detector.jpg
instruments	ВЭЖХ	detector	Waters	176015027	ACQUITY UPLC ELSD w/Nebulizer	ELSD ACQUITY UPLC; детектирование нелетучих соединений без хромофора в градиентных условиях.	/catalog_images/waters_acquity_h_class_plus.jpg
instruments	ВЭЖХ	detector	Waters	176015028	ACQUITY UPLC TUV Detector	ТУФ-детектор ACQUITY UPLC; двухволновой режим в диапазоне 190–700 нм.	/catalog_images/waters_acquity_h_class_plus.jpg
instruments	ВЭЖХ	detector	Waters	176015029	ACQUITY UPLC Fluorescence Detector	Флуоресцентный детектор ACQUITY UPLC; программируемые длины волн для высокочувствительного детектирования.	/catalog_images/waters_2475_flr_detector.jpg
instruments	ВЭЖХ	detector	Waters	176015030	ACQUITY UPLC PDA eLambda Detector	ДАД ACQUITY eLambda; расширенный диапазон для определения примесей на уровне 0,05%.	/catalog_images/waters_acquity_h_class_plus.jpg
instruments	ВЭЖХ	system	Waters		ACQUITY UPC2 Core 1 System	Базовая система ACQUITY UPC2; разделение в сжатом CO₂ с модификатором при улучшенной экологии.	/catalog_images/waters_acquity_h_class_plus.jpg
instruments	ВЭЖХ	system	Waters		ACQUITY UPC2 Core 2 CM-A + CM-AUX	Система UPC2 с CM-A и CM-AUX для четырёх колонок; скрининг в режиме СФХ.	/catalog_images/waters_acquity_h_class_plus.jpg
instruments	ВЭЖХ	system	Waters		ACQUITY UPC2 Core 3 CM-A + 2-CM-AUX	Система UPC2 с шестью колоночными позициями; расширенный скрининг хиральных фаз.	/catalog_images/waters_acquity_h_class_plus.jpg
instruments	ВЭЖХ	module	Waters	176015038	ACQUITY UPC2 CH-30A	Термостат 30 см для ACQUITY UPC2; контроль хиральных колонок в сверхкритических условиях.	/catalog_images/waters_acquity_h_class_plus.jpg
instruments	ВЭЖХ	system	Waters		ACQUITY UPC2 Core 4 with Column Oven	Система ACQUITY UPC2 с колоночным отсеком; термостат обеспечивает воспроизводимость в режиме CO₂.	/catalog_images/waters_acquity_h_class_plus.jpg
instruments	ВЭЖХ	system	Waters		ACQUITY UPLC SO H/I-Class	Система ACQUITY H/I-Class с органайзером образцов SO; непрерывная загрузка планшетов без прерывания анализа.	/catalog_images/waters_acquity_i_class_plus.jpg
instruments	ВЭЖХ	module	Waters	176015043	ACQUITY UPLC CM-A	Двухколоночный менеджер ACQUITY CM-A; автопереключение и термостатирование двух колонок.	/catalog_images/waters_acquity_h_class_plus.jpg
instruments	ВЭЖХ	module	Waters	176015044	ACQUITY UPLC CM-A & CM-AUX (4 Columns)	ACQUITY CM-A и CM-AUX для четырёх колонок; расширенный скрининг условий.	/catalog_images/waters_acquity_h_class_plus.jpg
instruments	ВЭЖХ	module	Waters	176015045	ACQUITY UPLC CM-A & 2 CM-AUX (6 Columns)	ACQUITY CM-A и два CM-AUX для шести колонок; максимальная гибкость выбора.	/catalog_images/waters_acquity_h_class_plus.jpg
instruments	ВЭЖХ	module	Waters	176015046	ACQUITY UPLC Column Heater 30-A	Термостат ACQUITY 30 см; нагрев до 65 °C для улучшения разрешения.	/catalog_images/waters_acquity_i_class_plus.jpg
instruments	ВЭЖХ	detector	Waters	176015047	ACQUITY UPC2 PDA Detector	ДАД для ACQUITY UPC2; оптимизирован для работы в условиях сжатого CO₂.	/catalog_images/waters_acquity_h_class_plus.jpg
instruments	ВЭЖХ	module	Waters	176015048	ACQUITY UPLC CM-Aux Add-on (3/4)	Вспомогательный CM-AUX (3/4 позиции); расширение до четырёх колонок.	/catalog_images/waters_acquity_h_class_plus.jpg
instruments	ВЭЖХ	module	Waters	176015052	ACQUITY UPLC BioCM-Aux Add-on (3/4)	Биосовместимый CM-AUX (3/4); инертные материалы для биохроматографических колонок.	/catalog_images/waters_acquity_h_class_plus.jpg
instruments	ВЭЖХ	module	Waters	176015056	ACQUITY UPLC H-Class BioCM-A	Биосовместимый CM-A H-Class; PEEK-порты для белковых колонок.	/catalog_images/waters_acquity_h_class_plus.jpg
instruments	ВЭЖХ	module	Waters	176015057	ACQUITY UPLC H-Class Bio CM-A & CM-AUX	Биосовместимый CM-A и CM-AUX для четырёх позиций; полностью инертный тракт.	/catalog_images/waters_acquity_h_class_plus.jpg
instruments	ВЭЖХ	module	Waters	176015058	ACQUITY UPLC H-Class BioCM-A & 2, CM-AUX	Расширенный биосовместимый менеджер с шестью позициями для белковых методов.	/catalog_images/waters_acquity_h_class_plus.jpg
instruments	ВЭЖХ	system	Waters		ACQUITY UPLC H-Class Bio CH 30-A	Биосовместимый термостат CH-30A; диапазон температур для белковых методов.	/catalog_images/waters_acquity_h_class_plus.jpg
instruments	ВЭЖХ	system	Waters		ACQUITY APC System Core 2	Система ACQUITY APC; УВВЭЖХ-давление для ГПХ с субмикронными частицами.	/catalog_images/waters_acquity_h_class_plus.jpg
instruments	ВЭЖХ	detector	Waters	176015063	ACQUITY PDA with TaperSlit	ДАД ACQUITY с TaperSlit; максимальная линейность при высоких концентрациях.	/catalog_images/waters_2998_pda_detector.jpg
instruments	ВЭЖХ	system	Waters		ACQUITY APC Core 1 System	Базовая система ACQUITY APC; объединяет УВВЭЖХ и ГПХ на единой платформе.	/catalog_images/waters_acquity_h_class_plus.jpg
instruments	ВЭЖХ	system	Waters		ACQUITY UPLC I-Class IVD System	Компонент системы ACQUITY для IVD; сертифицирован для клинических применений.	/catalog_images/waters_acquity_i_class_plus.jpg
instruments	ВЭЖХ	module	Waters	176015071	ACQUITY UPLC I-Class CM-A Add-On	Дополнительный CM-A для I-Class; перевод одноколоночной конфигурации в двухколоночное переключение.	/catalog_images/waters_acquity_i_class_plus.jpg
instruments	ВЭЖХ	detector	Waters	176015090	ACQUITY UPLC I-Class PDA Detector	ДАД ACQUITY I-Class; 512-элементная матрица для спектрального детектирования при бинарном УВВЭЖХ.	/catalog_images/waters_acquity_i_class_plus.jpg
instruments	ВЭЖХ	detector	Waters	176015091	ACQUITY UPLC I-Class eλ PDA Detector	ДАД ACQUITY I-Class eλ; детекция загрязнений на уровне 0,005% при минимальном шуме.	/catalog_images/waters_acquity_i_class_plus.jpg
instruments	ВЭЖХ	detector	Waters	176015092	ACQUITY UPLC I-Class TUV Detector	ТУФ-детектор ACQUITY I-Class; двухволновой детектор с ячейкой 500 нл для I-Class.	/catalog_images/waters_acquity_i_class_plus.jpg
instruments	ВЭЖХ	detector	Waters	176015095	ACQUITY UPLC RI Detector	RI-детектор ACQUITY UPLC; детектирование нехроматофорных соединений в УВВЭЖХ.	/catalog_images/waters_acquity_h_class_plus.jpg
instruments	ВЭЖХ	detector	Waters	176015096	ACQUITY TUV Detector for APC	ТУФ-детектор для APC; детекция при 254 и 280 нм в ГПХ-приложениях.	/catalog_images/waters_2998_pda_detector.jpg
instruments	ВЭЖХ	detector	Waters	176015097	ACQUITY ELS Detector w/Nebulizer for APC	ELSD для APC; детектирование полимеров без хромофора в ГПХ.	/catalog_images/waters_2475_flr_detector.jpg
instruments	ВЭЖХ	detector	Waters	176015098	ACQUITY RI Detector for APC	RI-детектор ACQUITY для APC; концентрационное определение полимеров в ГПХ.	/catalog_images/waters_2475_flr_detector.jpg
instruments	ВЭЖХ	system	Waters		ACQUITY H-Class PLUS (CH-A) Core System	Система ACQUITY H-Class PLUS с CH-A; квартернарное смешение AutoBlend Plus и менеджер FTN-H в едином стеке.	/catalog_images/waters_acquity_h_class_plus.jpg
instruments	ВЭЖХ	system	Waters		ACQUITY H-Class PLUS (CM-A) Core System	Система ACQUITY H-Class PLUS с CM-A; автоматическое переключение между двумя колонками без демонтажа.	/catalog_images/waters_acquity_h_class_plus.jpg
instruments	ВЭЖХ	system	Waters		ACQUITY H-Class PLUS (CM-A &CM-AUX) Sys.	Система H-Class PLUS с CM-A и CM-AUX на четыре колонки; для высокопроизводительного скрининга методов.	/catalog_images/waters_acquity_h_class_plus.jpg
instruments	ВЭЖХ	system	Waters		ACQUITY H-Class PLUS (CM-A+2,CM-AUX) Sys	Система H-Class PLUS с шестью колоночными позициями; максимальная гибкость для метаболических задач.	/catalog_images/waters_acquity_h_class_plus.jpg
instruments	ВЭЖХ	system	Waters		ACQUITY H-Class PLUS Bio System (CH-A)	Биосовместимая система H-Class PLUS Bio с CH-A; инертный тракт PEEK для белковых методов.	/catalog_images/waters_acquity_h_class_plus.jpg
instruments	ВЭЖХ	system	Waters		ACQUITY H-Class PLUS Bio System (CM-A)	Биосовместимая система H-Class PLUS Bio с CM-A; для промежуточной очистки биотерапевтических препаратов.	/catalog_images/waters_acquity_h_class_plus.jpg
instruments	ВЭЖХ	system	Waters		ACQUITY H-Class PLUS Bio Sys(CMA&CM-AUX)	Биосовместимая система H-Class PLUS Bio с четырьмя колоночными позициями; полностью инертный тракт.	/catalog_images/waters_acquity_h_class_plus.jpg
spare-parts	ВЭЖХ	module	Waters	176015108	ACQ. H-Class PLUS Bio Sys(CM-A+2,CM-AUX)	Расширенная биосовместимая система H-Class PLUS Bio с шестью позициями для разработки методов.	/catalog_images/waters_acquity_h_class_plus.jpg
instruments	ВЭЖХ	system	Waters		ACQ. I-Class PLUS Sys. (CH-A) w/SM-FTN-I	Система ACQUITY I-Class PLUS с CH-A и FTN-I; минимальный объём дисперсии для чувствительного бинарного УВВЭЖХ.	/catalog_images/waters_acquity_i_class_plus.jpg
instruments	ВЭЖХ	system	Waters		ACQ. I-Class PLUS Sys. (CH-A) w/SM-FL-I	Система I-Class PLUS с CH-A и FL-I; высокая воспроизводимость инжекций для рутинных задач.	/catalog_images/waters_acquity_i_class_plus.jpg
instruments	ВЭЖХ	system	Waters		ACQ. I-Class PLUS Sys. (CM-A) w/SM-FTN-I	Система I-Class PLUS с CM-A и FTN-I; автопереключение двух колонок при минимальном дисперсионном объёме.	/catalog_images/waters_acquity_i_class_plus.jpg
instruments	ВЭЖХ	system	Waters		ACQ. I-Class PLUS Sys. (CM-A) w/SM-FL-I	Система I-Class PLUS с CM-A и FL-I; бинарная УВВЭЖХ с выбором из двух колонок.	/catalog_images/waters_acquity_i_class_plus.jpg
instruments	ВЭЖХ	system	Waters		ACQUITY H-Class PLUS Binary Core Sys	Бинарная система ACQUITY H-Class PLUS с BSM и FTN-H; двухкомпонентный градиент при 15 000 фунт/кв.дюйм.	/catalog_images/waters_acquity_h_class_plus.jpg
instruments	ВЭЖХ	system	Waters		ACQUITY H-Class Bio PLUS Binary Core Sys	Биосовместимая бинарная система H-Class PLUS Bio; PEEK-тракт с двухкомпонентным насосом для белковой хроматографии.	/catalog_images/waters_acquity_h_class_plus.jpg
instruments	ВЭЖХ	system	Waters		ACQUITY H-Class PLUS Binary CM-A Sys	Бинарная система H-Class PLUS с CM-A; быстрое переключение двух колонок в автоматическом режиме.	/catalog_images/waters_acquity_h_class_plus.jpg
instruments	ВЭЖХ	system	Waters		ACQUITY H-Class Bio PLUS Binary CM-A Sys	Биосовместимая бинарная система H-Class PLUS Bio с CM-A; для анализа биомолекул при минимальном металлическом фоне.	/catalog_images/waters_acquity_h_class_plus.jpg
instruments	ВЭЖХ	system	Waters		ACQUITY H-Class PLUS Binary Sys(CMA/AUX)	Система H-Class PLUS Binary с CM-A и CM-AUX на четыре колонки; скрининг хроматографических условий.	/catalog_images/waters_acquity_h_class_plus.jpg
spare-parts	ВЭЖХ	module	Waters	176015126	ACQ H-Class Bio PLUS Binary Sys(CMA/AUX)	Биосовместимый H-Class PLUS Binary с четырьмя PEEK-позициями; для белковых методологических задач.	/catalog_images/waters_acquity_h_class_plus.jpg
instruments	ВЭЖХ	module	Waters	176015127	ACQUITY UPLC Column Heater Cooler 30cm	Термостат/охладитель ACQUITY 30 см; от 4 до 90 °C для УВВЭЖХ-методов.	/catalog_images/waters_acquity_i_class_plus.jpg
instruments	ВЭЖХ	module	Waters	176015128	ACQUITY UPLC H-Class PLUS Bio CH-30A	Биосовместимый CH-30A H-Class PLUS Bio; термоэлектрический контроль для биомолекул.	/catalog_images/waters_acquity_h_class_plus.jpg
instruments	ВЭЖХ	module	Waters	176015129	ACQUITY UPLC PLUS Column Heater CH-30A	Термостат CH-30A для ACQUITY PLUS; прецизионный контроль при давлении УВВЭЖХ.	/catalog_images/waters_acquity_i_class_plus.jpg
instruments	ВЭЖХ	system	Waters		ACQ. UPLC I-Class PLUS FTN-I BSM/BSM 2D	Двухмерная система I-Class PLUS с двумя BSM и FTN-I; онлайн-2D-УВВЭЖХ с фракционированием.	/catalog_images/waters_acquity_i_class_plus.jpg
instruments	ВЭЖХ	system	Waters		ACQ. UPLC I-Class PLUS FTN-I BSM/QSM 2D	Двухмерная система I-Class PLUS BSM/QSM; гибкое 2D-разделение с разными условиями элюирования.	/catalog_images/waters_acquity_i_class_plus.jpg
instruments	ВЭЖХ	system	Waters		ACQ. UPLC H-Class PLUS FTN-H BSM/QSM 2D	Двухмерная система H-Class PLUS с FTN-H, BSM и QSM; квартернарный второй модуль для онлайн 2D-ВЭЖХ.	/catalog_images/waters_acquity_h_class_plus.jpg
instruments	ВЭЖХ	system	Waters		ACQ. H-Class PLUS Bio FTN-H BSM/QSM 2D	Биосовместимая двухмерная система H-Class PLUS Bio; PEEK-тракт для онлайн 2D-разделения белков.	/catalog_images/waters_acquity_h_class_plus.jpg
spare-parts	ВЭЖХ	module	Waters	176015144	ACQ UPLC I-Class PLUS CM-A Add-On	Расширение CM-A для I-Class PLUS; добавляет автопереключение двух колонок без замены модуля.	/catalog_images/waters_acquity_i_class_plus.jpg
spare-parts	ВЭЖХ	module	Waters	176015145	ACQ H-Class PLUS Binary Sys (CMA/2AUX)	Система H-Class PLUS Binary с шестью колоночными позициями; максимальная производительность при бинарном элюировании.	/catalog_images/waters_acquity_h_class_plus.jpg
spare-parts	ВЭЖХ	module	Waters	176015146	ACQ H-Class Bio PLUS Binary (CMA/2AUX)	Биосовместимая система H-Class PLUS Binary с шестью позициями; полный PEEK-тракт для нано-биомолекулярного анализа.	/catalog_images/waters_acquity_h_class_plus.jpg
spare-parts	ВЭЖХ	module	Waters	176015151	LC Sys Stack I-Class w/FTN/CH-A	Компактный стек ACQUITY I-Class с FTN и CH-A; всё для УВВЭЖХ в минимальном форм-факторе.	/catalog_images/waters_acquity_i_class_plus.jpg
instruments	ВЭЖХ	system	Waters		ACQ UPLC M-Class:uBSM, uSM-FL, TVM, ASM	Система ACQUITY M-Class с µBSM, SM-FL, TVM и ASM; нано-УВВЭЖХ для протеомики и метаболомики.	/catalog_images/waters_acquity_i_class_plus.jpg
instruments	ВЭЖХ	pump-module	Waters	176016014	ACQUITY UPLC M-Class:uBSM, uSM-FL, TVM	Система M-Class с микронасосом и SM-FL; нанолитровые скорости потока для нано-ЖХ/МС.	/catalog_images/waters_acquity_i_class_plus.jpg
instruments	ВЭЖХ	pump-module	Waters	176016015	ACQUITY UPLC M-Class:2uBSM, uSM-FL, TVM	Система M-Class с двумя µBSM; онлайн-ловушка и разделение в нано-ЖХ/МС.	/catalog_images/waters_acquity_i_class_plus.jpg
instruments	ВЭЖХ	system	Waters		ACQ UPLC M-Class:2uBSM, uSM-FL, TVM, ASM	Полностью автоматизированная M-Class с двумя BSM и ASM для нано-УВВЭЖХ.	/catalog_images/waters_acquity_i_class_plus.jpg
instruments	ВЭЖХ	system	Waters		ACQUITY UPLC M-Class w/HDX Technology	Система M-Class с HDX; автоматизированный водородно-дейтериевый обмен для изучения конформации белков.	/catalog_images/waters_acquity_i_class_plus.jpg
instruments	ВЭЖХ	system	Waters		ACQUITY UPLC M-Class HDX with Automation	Автоматизированная HDX система M-Class; управляемая последовательность для HDX-МС протеомики.	/catalog_images/waters_acquity_i_class_plus.jpg
instruments	ВЭЖХ	pump-module	Waters	176016019	ACQUITY UPLC M-Class: uBSM, USM-FL, ASM	Система M-Class с одним BSM и AS-менеджером; нано-УВВЭЖХ для целевой протеомики.	/catalog_images/waters_acquity_i_class_plus.jpg
instruments	ВЭЖХ	autosampler	Waters	176016020	ACQUITY UPLC M-Class Sample Organizer	Органайзер образцов M-Class; автоматическая смена планшетов для длительных серий без участия оператора.	/catalog_images/waters_acquity_i_class_plus.jpg
instruments	ВЭЖХ	pump-module	Waters	176016021	ACQUITY UPLC M-Class:uBSM, uSM-FL	Компактная система M-Class; минимальная конфигурация нано-УВВЭЖХ для пептидного анализа.	/catalog_images/waters_acquity_i_class_plus.jpg
instruments	ВЭЖХ	detector	Waters	176016022	ACQUITY UPLC M-Class PDA Detector	Миниатюрный ДАД для M-Class; оптимизирован для нанолитровых скоростей потока.	/catalog_images/waters_acquity_i_class_plus.jpg
instruments	ВЭЖХ	detector	Waters	176016024	ACQUITY UPLC M-Class TUV Detector	ТУФ-детектор для M-Class; двухволновое детектирование в нано-УВВЭЖХ.	/catalog_images/waters_acquity_i_class_plus.jpg
instruments	ВЭЖХ	system	Waters		ACQUITY UPLC M-Class w/HDX-2 Automation	Расширенная HDX-2 система M-Class; улучшенный криогенный рабочий процесс.	/catalog_images/waters_acquity_i_class_plus.jpg
instruments	ВЭЖХ	detector	Waters	176017006	2998 PDA w/ Low Dispersion Flowcell	Waters 2998 PDA с малодисперсной ячейкой; для УВВЭЖХ-совместимого детектирования.	/catalog_images/waters_2998_pda_detector.jpg
instruments	ВЭЖХ	detector	Waters	176017007	2489 UV/Vis Detector w/Low Dispersion FC	Детектор Waters 2489 с малодисперсной ячейкой; для УВВЭЖХ-совместимых методов.	/catalog_images/waters_2998_pda_detector.jpg
instruments	ВЭЖХ	detector	Waters	176017008	2414 Refractive Index Detector	Waters 2414; термостатированная ячейка для стабильного RI-сигнала.	/catalog_images/waters_2475_flr_detector.jpg
instruments	ВЭЖХ	detector	Waters	176017009	2475 FLR with Low Dispersion Flowcell	Waters 2475 FLR с малодисперсной ячейкой; для узких УВВЭЖХ-пиков.	/catalog_images/waters_2475_flr_detector.jpg
instruments	ВЭЖХ	detector	Waters	176017010	2424 ELSD with High Flow Nebulizer	Waters 2424 ELSD с высокопоточным небулайзером; расширенный диапазон скоростей потока.	/catalog_images/waters_2475_flr_detector.jpg
spare-parts	ВЭЖХ	module	Waters	176017011	ACQUITY Arc & ISM with Splitter Kit	Сплиттер Arc и ISM; совместная работа Arc HPLC и МС-детектора.	/catalog_images/waters_acquity_h_class_plus.jpg
instruments	ВЭЖХ	system	Waters		Arc HPLC Core System	Система Arc HPLC; совместима с методами ВЭЖХ и УВВЭЖХ без повторной разработки методов.	/catalog_images/waters_alliance_e2695.jpg
instruments	ВЭЖХ	pump-module	Waters	176018000	ACQUITY Premier BSM/FTN	Система ACQUITY Premier с BSM и FTN; MaxPeak HPS исключает адсорбцию на металлических поверхностях тракта.	/catalog_images/waters_acquity_h_class_plus.jpg
instruments	ВЭЖХ	pump-module	Waters	176018001	ACQUITY Premier QSM/FTN	Система ACQUITY Premier с QSM и FTN; MaxPeak HPS для максимальной чувствительности при анализе пептидов.	/catalog_images/waters_acquity_h_class_plus.jpg
spare-parts	ВЭЖХ	module	Waters	176018002	ACQ Premier Col Htr Active 1 Col (CH-A)	Активный однокол. термостат ACQUITY Premier с MaxPeak; стабильная температура при давлениях УВВЭЖХ.	/catalog_images/waters_acquity_h_class_plus.jpg
spare-parts	ВЭЖХ	module	Waters	176018003	ACQ Premier Col Mgr Active 2 Col (CM-A)	Активный двухколоночный менеджер ACQUITY Premier с MaxPeak; автопереключение колонок.	/catalog_images/waters_acquity_h_class_plus.jpg
instruments	ВЭЖХ	module	Waters	176018004	ACQUITY Premier 4 Column CM-A/CM-Aux	Четырёхколоночный менеджер ACQUITY Premier с MaxPeak HPS; работа с чувствительными биомолекулами.	/catalog_images/waters_acquity_h_class_plus.jpg
instruments	ВЭЖХ	module	Waters	176018005	ACQUITY Premier 6 Column CM-A/2xCM-AUX	Шестиколоночный менеджер ACQUITY Premier; максимальная гибкость колонок с защитой от адсорбции.	/catalog_images/waters_acquity_h_class_plus.jpg
instruments	ВЭЖХ	system	Waters		ACQUITY Premier FLR Detector	Флуоресцентный детектор ACQUITY Premier с MaxPeak; чувствительное детектирование флуорофоров.	/catalog_images/waters_acquity_h_class_plus.jpg
instruments	ВЭЖХ	detector	Waters	176018009	ACQUITY Premier eLambda PDA Detector	ДАД ACQUITY Premier eLambda с MaxPeak; расширенный динамический диапазон при минимальной дисперсии.	/catalog_images/waters_acquity_h_class_plus.jpg
instruments	ВЭЖХ	detector	Waters	176018010	ACQUITY Premier TUV Detector	ТУФ-детектор ACQUITY Premier с MaxPeak; активное оптическое выравнивание и сверхнизкий дисперсионный объём.	/catalog_images/waters_acquity_h_class_plus.jpg
instruments	ВЭЖХ	system	Waters		Arc Premier QSM-R, FTN-R	Система Arc Premier с QSM-R и FTN-R; MaxPeak HPS и совместимость с методами ВЭЖХ и УВВЭЖХ.	/catalog_images/waters_acquity_h_class_plus.jpg
spare-parts	ВЭЖХ	module	Waters	176019002	Arc Premier CH-30A	Термостат колонок 30 см для Arc Premier с MaxPeak; воспроизводимое разделение при прецизионном контроле.	/catalog_images/waters_acquity_h_class_plus.jpg
spare-parts	ВЭЖХ	module	Waters	176019003	Arc Premier Col Htr Active 1 Col (CH-A)	Активный однокол. термостат Arc Premier с MaxPeak HPS; минимизирует металлическую адсорбцию.	/catalog_images/waters_acquity_h_class_plus.jpg
spare-parts	ВЭЖХ	module	Waters	176019004	Arc Premier Col Mgr Active 2 Col (CM-A)	Двухколоночный активный менеджер Arc Premier с MaxPeak; совместимость с методами ВЭЖХ.	/catalog_images/waters_acquity_h_class_plus.jpg
instruments	ВЭЖХ	system	Waters		Arc Premier BSM-R, FTN-R	Система Arc Premier с BSM-R и FTN-R; MaxPeak HPS и обратная совместимость с ВЭЖХ-методами.	/catalog_images/waters_acquity_h_class_plus.jpg
spare-parts	ВЭЖХ	module	Waters	176019006	Arc Premier 4 Column CM-A/CM-Aux	Четырёхколоночный менеджер Arc Premier; MaxPeak HPS для чувствительных аналитов.	/catalog_images/waters_acquity_h_class_plus.jpg
spare-parts	ВЭЖХ	module	Waters	176019007	Arc Premier 6 Column CM-A/2xCM-Aux	Шестиколоночный менеджер Arc Premier с защитой от металлической адсорбции.	/catalog_images/waters_acquity_h_class_plus.jpg
instruments	ВЭЖХ	detector	Waters	176248901	2489 UV/Visible Detector	Двухволновой ТУФ-Вид детектор Waters 2489; широкий динамический диапазон для ВЭЖХ.	/catalog_images/waters_2998_pda_detector.jpg
instruments	ВЭЖХ	system	Waters		e2695 Separations Module w/oSHC w/CH(Bl)	Разделительный модуль Alliance e2695 с нагревателем (синий); встроенный дегазатор для рутинного ВЭЖХ.	/catalog_images/waters_alliance_e2695.jpg
instruments	ВЭЖХ	system	Waters		e2695 XC Separations Module w/CHC (Blue)	Модуль Alliance e2695 XC с CHC (синий); охлаждение колонок до 4 °C.	/catalog_images/waters_alliance_e2695.jpg
instruments	ВЭЖХ	system	Waters		e2695 XE Separations Module w/CH (Blue)	Модуль Alliance e2695 XE с расширенным нагревателем (синий); высокотемпературное ВЭЖХ.	/catalog_images/waters_alliance_e2695.jpg
instruments	ВЭЖХ	system	Waters		e2695 XC-D Sep. Module 6 Samples (Blue)	Модуль Alliance e2695 XC-D 6 образцов (синий); охлаждение колонок и хранение проб.	/catalog_images/waters_alliance_e2695.jpg
instruments	ВЭЖХ	system	Waters		e2695XE-D Sep. Module 6-Samples (Blue)	Модуль Alliance e2695 XE-D 6 образцов (синий); высокотемпературное ВЭЖХ с охлаждёнными пробами.	/catalog_images/waters_alliance_e2695.jpg
instruments	ВЭЖХ	system	Waters		e2695 XC-D Sep. Module 8-Samples (Blue)	Модуль Alliance e2695 XC-D 8 образцов (синий); рутинный анализ с охлаждёнными пробами.	/catalog_images/waters_alliance_e2695.jpg
instruments	ВЭЖХ	system	Waters		e2695 XE-D Sep. Module 8-Samples (Blue)	Модуль Alliance e2695 XE-D 8 образцов (синий); высокотемпературный режим с расширенным хранилищем.	/catalog_images/waters_alliance_e2695.jpg
spare-parts	ВЭЖХ	module	Waters	186000321	ASSY, POST COLUMN REACTION MODULE	Модуль пост-колоночных реакций Waters; дериватизация элюата для детектирования.	/catalog_images/waters_acquity_h_class_plus.jpg
spare-parts	ВЭЖХ	module	Waters	186000872	KIT, 7725I MANUAL INJECTOR,1500 SERIES	Набор ручного инжектора 7725i для серии 1500; замена петлевого клапана Alliance.	/catalog_images/waters_acquity_h_class_plus.jpg
instruments	ВЭЖХ	degasser	Waters	186001272	DEGASSER, IN-LINE, 4 CHAMBER, AF	Четырёхкамерный дегазатор Waters AF; дегазация четырёх каналов для систем Alliance.	/catalog_images/waters_alliance_e2695.jpg
instruments	ВЭЖХ	degasser	Waters	186001273	DEGASSER, IN-LINE, 2 CHAMBER, AF	Двухкамерный дегазатор Waters AF; компактная дегазация двух каналов.	/catalog_images/waters_alliance_e2695.jpg
instruments	ВЭЖХ	module	Waters	186001500	1500 COLUMN HEATER	Термостат Waters 1500; надёжный нагрев до 65 °C для систем Alliance.	/catalog_images/waters_acquity_i_class_plus.jpg
instruments	ВЭЖХ	pump-module	Waters	186001515	1515 ISOCRATIC HPLC PUMP	Изократический насос Waters 1515; надёжная подача растворителя для систем Alliance.	/catalog_images/waters_alliance_e2695.jpg
instruments	ВЭЖХ	pump-module	Waters	186001525	1525 BINARY HPLC PUMP	Бинарный насос Waters 1525; встроенный дегазатор для градиентного ВЭЖХ.	/catalog_images/waters_alliance_e2695.jpg
instruments	ВЭЖХ	system	Waters		ALLIANCE COL. HEATER COOLER	Термостат/охладитель Alliance; от 4 до 65 °C для методов с температурными требованиями.	/catalog_images/waters_alliance_e2695.jpg
instruments	ВЭЖХ	pump-module	Waters	186001825	1525µ Binary HPLC Pump w/Degasser	Бинарный насос Waters 1525µ с интегрированным дегазатором; компактный двухкомпонентный насос для ВЭЖХ.	/catalog_images/waters_alliance_e2695.jpg
instruments	ВЭЖХ	system	Waters		ALLIANCE COL.HEATER	Нагреватель колонок для Alliance; термостатирование одной колонки.	/catalog_images/waters_alliance_e2695.jpg
instruments	ВЭЖХ	module	Waters	186001878	Waters Fraction Collector III	Коллектор фракций Waters III; сбор по временным окнам или UV-триггеру.	/catalog_images/waters_acquity_h_class_plus.jpg
instruments	ВЭЖХ	module	Waters	186002441	Temperature Control Module II	Модуль TCM II; управление температурой реактивной ячейки и чувствительных компонентов.	/catalog_images/waters_acquity_h_class_plus.jpg
spare-parts	ВЭЖХ	module	Waters	186002449	PCM II - PUMP CONTROL MODULE	Модуль управления насосом PCM II; синхронизирует параллельные насосы в препаративных конфигурациях.	/catalog_images/waters_acquity_h_class_plus.jpg
instruments	ВЭЖХ	detector	Waters	186002475	2475 MULTICHANNEL FLUORESCENCE DETECTOR	Многоканальный флуоресцентный детектор Waters 2475; несколько длин волн для сложных задач.	/catalog_images/waters_2475_flr_detector.jpg
instruments	ВЭЖХ	degasser	Waters	186002488	WATERS PREP DEGASSER	Вакуумный дегазатор для препаративных систем; дегазация при высоких скоростях потока.	/catalog_images/waters_alliance_e2695.jpg
instruments	ВЭЖХ/МС	system	Waters		Quattro Premier XE Instrument	Тройной квадрупольный МС Quattro Premier XE; высокая чувствительность и надёжность при МРМ.	/catalog_images/waters_acquity_h_class_plus.jpg
spare-parts	ВЭЖХ	module	Waters	186003487	GC-PAL	Автосемплер GC-PAL; надёжное автоматическое дозирование для газохроматографических задач.	/catalog_images/waters_acquity_h_class_plus.jpg
spare-parts	ВЭЖХ	module	Waters	186003488	CTC Combi PAL	Комбинированный автосемплер Combi PAL; поддержка жидкостной инжекции, SPME и HeadSpace.	/catalog_images/waters_acquity_h_class_plus.jpg
spare-parts	ВЭЖХ	module	Waters	186003489	Combi PAL SPME Option	Опция SPME для Combi PAL; автоматизация отбора летучих ОС из водных матриц.	/catalog_images/waters_acquity_h_class_plus.jpg
spare-parts	ВЭЖХ	module	Waters	186003490	Combi PAL HeadSpace Option	Опция HeadSpace для Combi PAL; анализ летучих компонентов в твёрдых и жидких образцах.	/catalog_images/waters_acquity_h_class_plus.jpg
instruments	ВЭЖХ	system	Waters		System Fluidics Organizer	Органайзер флюидики ACQUITY; управление флаконами и трубопроводами стека.	/catalog_images/waters_acquity_i_class_plus.jpg
instruments	ВЭЖХ/МС	system	Waters		Xevo TQD IVD	Тройной квадрупольный МС Xevo; высокочувствительное МРМ-детектирование.	/catalog_images/waters_xevo_tq_absolute_xr.jpg
instruments	ВЭЖХ/МС	detector	Waters	186006511	ACQUITY QDa Detector	Встроенный одноквадрупольный детектор ACQUITY QDa; дополнительное масс-подтверждение аналитов.	/catalog_images/waters_xevo_tq_absolute_xr.jpg
instruments	ВЭЖХ	system	Waters		System, Base ASFE MV10 110V	Система СФЭ MV10 (110 В); сверхкритическая экстракция CO₂ из твёрдых матриц.	/catalog_images/waters_acquity_h_class_plus.jpg
instruments	ВЭЖХ	system	Waters		System, Base ASFE MV10 220V	Система СФЭ MV10 (220 В); применяется в пищевой и фармацевтической промышленности.	/catalog_images/waters_acquity_h_class_plus.jpg
instruments	ВЭЖХ/МС	system	Waters		SYNAPT G2-Si 4k	SYNAPT G2-Si (4k); Q-TOF с ИМС для метаболомики и протеомики.	/catalog_images/waters_xevo_tq_absolute_xr.jpg
instruments	ВЭЖХ/МС	system	Waters		SYNAPT G2-Si 8k	SYNAPT G2-Si (8k); оптимизированное разрешение ИМС для структурных изомеров.	/catalog_images/waters_xevo_tq_absolute_xr.jpg
instruments	ВЭЖХ/МС	system	Waters		SYNAPT G2-Si 32k	SYNAPT G2-Si (32k); максимальное ион-мобильное разрешение для конформационного анализа.	/catalog_images/waters_xevo_tq_absolute_xr.jpg
instruments	ВЭЖХ/МС	system	Waters		Xevo TQ-S Micro IVD	Тройной квадрупольный МС Xevo; высокочувствительное МРМ-детектирование.	/catalog_images/waters_xevo_tq_absolute_xr.jpg
instruments	ВЭЖХ/МС	system	Waters		Xevo TQ-XS, IVD	Тройной квадрупольный МС Xevo; высокочувствительное МРМ-детектирование.	/catalog_images/waters_xevo_tq_absolute_xr.jpg
instruments	ВЭЖХ	pump-module	Waters	186015000	ACQUITY UPLC I-Class BSM	Бинарный насос ACQUITY I-Class BSM; давление 15 000 фунт/кв.дюйм для субминутного УВВЭЖХ.	/catalog_images/waters_acquity_i_class_plus.jpg
instruments	ВЭЖХ	module	Waters	186015007	ACQUITY UPLC Column Mgr - Right Inlet	Менеджер колонок ACQUITY (правый вход); четыре колонки для разработки методов.	/catalog_images/waters_acquity_i_class_plus.jpg
instruments	ВЭЖХ	module	Waters	186015009	ACQUITY UPLC Column Mgr.-Left Inlet	Менеджер колонок ACQUITY (левый вход); для систем с левосторонним стеком.	/catalog_images/waters_acquity_i_class_plus.jpg
instruments	ВЭЖХ	module	Waters	186015011	ACQUITY UPLC 30cm Col Htr/Clr.	Термостат/охладитель ACQUITY 30 см; поддержка от 4 до 90 °C.	/catalog_images/waters_acquity_h_class_plus.jpg
instruments	ВЭЖХ	pump-module	Waters	186015018	ACQUITY UPLC QSM	Квартернарный насос ACQUITY QSM; четыре канала AutoBlend с дегазатором.	/catalog_images/waters_acquity_h_class_plus.jpg
instruments	ВЭЖХ	pump-module	Waters	186015019	ACQUITY Isocratic Solvent Mgr	Изократический менеджер растворителей ACQUITY; постоянный состав при давлении УВВЭЖХ.	/catalog_images/waters_alliance_e2695.jpg
instruments	ВЭЖХ	autosampler	Waters	186015020	ACQUITY UPLC Sample Organizer	Органайзер образцов ACQUITY UPLC; автоподача планшетов для непрерывных серийных анализов.	/catalog_images/waters_acquity_i_class_plus.jpg
instruments	ВЭЖХ	detector	Waters	186015031	ACQUITY UPLC TUV Detector TC	ТУФ-детектор ACQUITY с термостатом; улучшенная стабильность базовой линии.	/catalog_images/waters_acquity_h_class_plus.jpg
instruments	ВЭЖХ	module	Waters	186015042	ACQUITY UPLC CH-A	Активный термостат CH-A; термоэлектрическое управление для УВВЭЖХ.	/catalog_images/waters_acquity_h_class_plus.jpg
instruments	ВЭЖХ	autosampler	Waters	186015046	ACQUITY UPLC I-Class Sample Manager-FTN	Менеджер образцов ACQUITY; высокоточная инжекция с минимальным переносом пробы.	/catalog_images/waters_acquity_i_class_plus.jpg
instruments	ВЭЖХ	pump-module	Waters	186015050	ACQUITY APC Isocratic Solvent Manager	Изократический насос для APC; стабильный поток при давлении ГПХ-колонок.	/catalog_images/waters_acquity_h_class_plus.jpg
instruments	ВЭЖХ	autosampler	Waters	186015051	ACQUITY APC Sample Manager w/FTN	Менеджер образцов APC с FTN; минимальный перенос пробы для ГПХ-методов.	/catalog_images/waters_acquity_h_class_plus.jpg
instruments	ВЭЖХ	module	Waters	186015054	ACQUITY Single Zone Column Manager	Однозонный менеджер колонок ACQUITY; термостатирование одной колонки.	/catalog_images/waters_acquity_i_class_plus.jpg
instruments	ВЭЖХ	system	Waters		ACQUITY CM-30S for UPC2	Термостат 30 см для UPC2; управляет хиральными колонками от 15 до 60 °C.	/catalog_images/waters_acquity_h_class_plus.jpg
instruments	ВЭЖХ	autosampler	Waters	186015060	ACQUITY UPLC I-Class Sample Manager-FL	Менеджер образцов ACQUITY; высокоточная инжекция с минимальным переносом пробы.	/catalog_images/waters_acquity_i_class_plus.jpg
instruments	ВЭЖХ	pump-module	Waters	186015061	ACQUITY UPLC Bio BSM	Биосовместимый BSM ACQUITY Bio; инертный тракт для белков при давлении УВВЭЖХ.	/catalog_images/waters_alliance_e2695.jpg
instruments	ВЭЖХ	pump-module	Waters	186015080	ACQUITY UPLC H-Class PLUS QSM	Квартернарный насос H-Class PLUS QSM с AutoBlend Plus; автоматическое смешение растворителей.	/catalog_images/waters_acquity_h_class_plus.jpg
instruments	ВЭЖХ	pump-module	Waters	186015081	ACQUITY UPLC H-Class PLUS Bio QSM	Биосовместимый QSM H-Class PLUS Bio; PEEK-тракт для биосовместимых буферов.	/catalog_images/waters_acquity_h_class_plus.jpg
instruments	ВЭЖХ	pump-module	Waters	186015082	ACQUITY UPLC PLUS BSM	Бинарный насос ACQUITY PLUS BSM; 15 000 фунт/кв.дюйм для прецизионных УВВЭЖХ-градиентов.	/catalog_images/waters_alliance_e2695.jpg
instruments	ВЭЖХ	autosampler	Waters	186015085	ACQUITY UPLC H-Class PLUS SM FTN-H	Менеджер образцов H-Class PLUS FTN-H; низкий перенос <0,005% при инжекции 0,1–100 мкл.	/catalog_images/waters_acquity_h_class_plus.jpg
instruments	ВЭЖХ	autosampler	Waters	186015086	ACQUITY UPLC H-Class PLUS Bio SM FTN-H	Биосовместимый FTN-H Bio; PEEK-тракт для чувствительных к металлу проб.	/catalog_images/waters_acquity_h_class_plus.jpg
instruments	ВЭЖХ	autosampler	Waters	186015087	ACQUITY UPLC I-Class PLUS SM FL-I	Менеджер образцов I-Class PLUS FL-I; воспроизводимая инжекция для бинарных УВВЭЖХ-методов.	/catalog_images/waters_acquity_i_class_plus.jpg
instruments	ВЭЖХ	autosampler	Waters	186015088	ACQUITY UPLC I-Class PLUS SM FTN-I	Менеджер образцов I-Class PLUS FTN-I; минимальная дисперсия при инжекции в бинарной УВВЭЖХ.	/catalog_images/waters_acquity_i_class_plus.jpg
instruments	ВЭЖХ	system	Waters		Micro Binary Solvent Manager	Микро-бинарный насос для нано-УВВЭЖХ; управление потоком при нанолитровых скоростях.	/catalog_images/waters_alliance_e2695.jpg
instruments	ВЭЖХ	system	Waters		nanoACQUITY UPLC HDX Manager	Менеджер HDX nanoACQUITY; автоматизирует цикл дейтерирования для HDX-МС анализа.	/catalog_images/waters_acquity_h_class_plus.jpg
instruments	ВЭЖХ	autosampler	Waters	186016012	Micro Sample Manager - Fixed Loop	Менеджер образцов с фиксированной петлёй для нано-УВВЭЖХ; инжекция от 100 нл.	/catalog_images/waters_acquity_i_class_plus.jpg
instruments	ВЭЖХ	system	Waters		Trap Valve Manager	Менеджер клапана ловушки; управляет переключением ловушечной и аналитической колонок.	/catalog_images/waters_acquity_h_class_plus.jpg
instruments	ВЭЖХ	system	Waters		Auxiliary Solvent Manager	Вспомогательный насос для M-Class; нанопоток для сложных нано-ЖХ/МС конфигураций.	/catalog_images/waters_acquity_h_class_plus.jpg
instruments	ВЭЖХ	pump-module	Waters	186017016	Arc HPLC QSM-R	Квартернарный насос Arc HPLC QSM-R; обратная совместимость с методами ВЭЖХ и масштабирование до УВВЭЖХ.	/catalog_images/waters_alliance_e2695.jpg
instruments	ВЭЖХ	autosampler	Waters	186017017	Arc HPLC SM FTN-R with Temp Control	Менеджер образцов Arc HPLC FTN-R с термостатом; совместимость с методами ВЭЖХ и УВВЭЖХ.	/catalog_images/waters_alliance_e2695.jpg
instruments	ВЭЖХ	pump-module	Waters	186025450	2545 Binary Gradient Module	Бинарный насос Waters 2545; до 200 мл/мин для препаративной очистки.	/catalog_images/waters_alliance_e2695.jpg
instruments	ВЭЖХ	module	Waters	186179100	Alliance Column Heater Cooler (Blue)	Термостат/охладитель Alliance (синий); широкий диапазон в синей линейке.	/catalog_images/waters_alliance_e2695.jpg
instruments	ВЭЖХ	module	Waters	186186301	Alliance Column Heater (Blue)	Нагреватель колонок Alliance (синий); термостатирование в обновлённом корпусе.	/catalog_images/waters_alliance_e2695.jpg
instruments	ВЭЖХ	detector	Waters	186241400	REFRACTOMETER 2414	RI-детектор Waters 2414; определение нехроматофорных соединений в системах Alliance.	/catalog_images/waters_2475_flr_detector.jpg
instruments	ВЭЖХ	detector	Waters	186241401	2414 Refractometer Detector (blue)	Waters 2414 (синяя серия); термостатируемая ячейка в обновлённом синем корпусе.	/catalog_images/waters_2475_flr_detector.jpg
instruments	ВЭЖХ	detector	Waters	186242400	2424 Evaporative LS Detector (blue)	Испарительный детектор Waters 2424 (синяя серия); универсальное детектирование нелетучих соединений.	/catalog_images/waters_2475_flr_detector.jpg
instruments	ВЭЖХ	detector	Waters	186247500	2475 Fluorescence Detector (blue)	Флуоресцентный детектор Waters 2475 (синяя серия); программируемые длины волн.	/catalog_images/waters_2475_flr_detector.jpg
instruments	ВЭЖХ	detector	Waters	186248900	2489 UV/Visible Detector (blue)	ТУФ-Вид детектор Waters 2489 (синяя серия); двухволновое детектирование для Alliance синей линейки.	/catalog_images/waters_2998_pda_detector.jpg
instruments	ВЭЖХ	system	Waters		e2695 Separations Module w/o H/C	Базовый модуль Alliance e2695 без термостата; стандартная конфигурация для рутинного ВЭЖХ.	/catalog_images/waters_alliance_e2695.jpg
instruments	ВЭЖХ	system	Waters		e2695 Separations Module w/Heater Cooler	Модуль Alliance e2695 с нагревателем-охладителем; контроль от 4 до 65 °C.	/catalog_images/waters_alliance_e2695.jpg
instruments	ВЭЖХ	system	Waters		e2695 Sep. Module w/o SHC w/o CH (Blue)	Базовый модуль e2695 без термостата (синий); конфигурация без температурных требований.	/catalog_images/waters_alliance_e2695.jpg
instruments	ВЭЖХ	system	Waters		e2695 Separations Module w/SHC (Blue)	Модуль Alliance e2695 с нагревателем-охладителем (синий); диапазон от 4 до 65 °C.	/catalog_images/waters_alliance_e2695.jpg
instruments	ВЭЖХ	detector	Waters	186299800	2998 Photodiode Array Detector (blue)	ДАД Waters 2998 (синяя серия); спектральное детектирование 190–800 нм для Alliance синей линейки.	/catalog_images/waters_2998_pda_detector.jpg
